<datapower-configuration version="3"><export-details><description>Exported Configuration</description><user>admin</user><domain>apiconnect</domain><comment/><product-id>software</product-id><product>IDG</product><display-product>IDG</display-product><model>IBM DataPower Gateway</model><display-model>IBM DataPower Gateway</display-model><device-name>apic-gw-0</device-name><serial-number>0000001</serial-number><firmware-version>IDG.10.5.0.4</firmware-version><display-firmware-version>IDG.10.5.0.4</display-firmware-version><firmware-build>348793</firmware-build><delivery-type>LTS</delivery-type><firmware-timestamp>2023/02/17 06:56:48</firmware-timestamp><current-date>2023-08-12</current-date><current-time>07:27:07 UTC</current-time><reset-date>2023-08-09</reset-date><reset-time>12:40:56 UTC</reset-time><login-message/><custom-ui-file/></export-details><interface-data><interface name="eth0" type="Other" vers="ipv4" ip-addr="172.30.95.23"/><interface name="eth0" type="Other" vers="ipv6" ip-addr="fe80::c86b:c7ff:fe3c:cd3f"/></interface-data><configuration domain="apiconnect"/><files><file name="local:///config-sequence.cfg" src="local/config-sequence.cfg" location="local" hash="ztPPtulJDx0h+2b5E71Jj44iU3M="/><file name="local:///config-sequence.log" src="local/config-sequence.log" location="local" hash="znVwtEKmyAf5V01kIx+Fs8VcjNc="/><file name="local:///gwapi/local-domain-name.xsl" src="local/gwapi/local-domain-name.xsl" location="local" hash="/Gy3emzm3Ce9JDk1+qiKjXIVl9I="/><file name="local:///gwapi/emulator/emulator_import_result.xml" src="local/gwapi/emulator/emulator_import_result.xml" location="local" hash="QFxO6n8ImilOMdHFAsVjnTofcAk="/><file name="local:///gwapi/emulator/validate-usernametoken_1.1.0_import_result.xml" src="local/gwapi/emulator/validate-usernametoken_1.1.0_import_result.xml" location="local" hash="D+L5RMrvex7gnC/JusA5IDZbP1c="/><file name="local:///lookup_files/lookup_file_config.json" src="local/lookup_files/lookup_file_config.json" location="local" hash="co6EaaaRIICPURuo1/RPQu2f10s="/><file name="local:///extension/manifest.json" src="local/extension/manifest.json" location="local" hash="63rDfwA6X4+Tc7w0XNoO3ODzLFo="/><file name="local:///isp/v5e-marshal-mpgw.js" src="local/isp/v5e-marshal-mpgw.js" location="local" hash="ZdVg6LYXMB/SsJkknnhHBFMlLr0="/><file name="local:///isp/webapi-soap.xsl" src="local/isp/webapi-soap.xsl" location="local" hash="UB1PAdBzWxrLl1gZe/c/Qbvuo8I="/><file name="local:///isp/webapi-sslprofile.xsl" src="local/isp/webapi-sslprofile.xsl" location="local" hash="jyRw0lXuPISPkigAIZprIBaW5V8="/><file name="local:///isp/policy/json2xml-policy/JSONXtoXML.xsl" src="local/isp/policy/json2xml-policy/JSONXtoXML.xsl" location="local" hash="miqPuvv23IZEqDSQZYyyYOYsvW4="/><file name="local:///isp/policy/json2xml-policy/error.xsl" src="local/isp/policy/json2xml-policy/error.xsl" location="local" hash="EmCutI5NKF71Qgtr0o+dijyQJKo="/><file name="local:///isp/policy/json2xml-policy/payload.xsl" src="local/isp/policy/json2xml-policy/payload.xsl" location="local" hash="2oZ8DpZJlIcbP6nbYCa+/+ADGvg="/><file name="local:///isp/policy/jwt-generate/error.xsl" src="local/isp/policy/jwt-generate/error.xsl" location="local" hash="4VrusQsrvqf59K/SNgrCTxunlNY="/><file name="local:///isp/policy/jwt-generate/jwt-generate.js" src="local/isp/policy/jwt-generate/jwt-generate.js" location="local" hash="ob2F5/ubtMNEGrJYwu/TTFzkKV8="/><file name="local:///isp/policy/policy.util.xsl" src="local/isp/policy/policy.util.xsl" location="local" hash="fE27HlLj098RpoEE12VJY+7Qko8="/><file name="local:///isp/policy/validate-usernametoken/au-set-custom.xsl" src="local/isp/policy/validate-usernametoken/au-set-custom.xsl" location="local" hash="0Tmzs9Uoxxd0n6/Bs8yNgiAh4gs="/><file name="local:///isp/policy/validate-usernametoken/error.xsl" src="local/isp/policy/validate-usernametoken/error.xsl" location="local" hash="xYcRBct7h95GMb6E0bBJwhO1Hng="/><file name="local:///isp/policy/validate-usernametoken/policy.xsl" src="local/isp/policy/validate-usernametoken/policy.xsl" location="local" hash="Oc2xbCAjwe9V5vsZIcNclnnnuPM="/><file name="local:///isp/policy/validate-usernametoken/au-set-ldap.xsl" src="local/isp/policy/validate-usernametoken/au-set-ldap.xsl" location="local" hash="QYhT27nd4k3+aY6Y1veLNHjNMuM="/><file name="local:///isp/policy/validate-usernametoken/au-auth-url.xsl" src="local/isp/policy/validate-usernametoken/au-auth-url.xsl" location="local" hash="Wue+6yUU8zpfnL0ioIaeCi8IIpo="/><file name="local:///isp/policy/apim.map.legacy_functions.js" src="local/isp/policy/apim.map.legacy_functions.js" location="local" hash="knxMirC6WV0KhbmUkDK6iU+D42g="/><file name="local:///isp/policy/apim.policy.gatewayscript.js" src="local/isp/policy/apim.policy.gatewayscript.js" location="local" hash="tflv+wPWmXZTz6POwfGkwLzPnXM="/><file name="local:///isp/policy/assembly-util.xsl" src="local/isp/policy/assembly-util.xsl" location="local" hash="yN0BKCimHK2T8SmwfDkhPc3MqGg="/><file name="local:///isp/policy/apim.policy.v5e.proxyasinvoke.js" src="local/isp/policy/apim.policy.v5e.proxyasinvoke.js" location="local" hash="JhiwcyyFgALOlLqtu12JkLSFZeU="/><file name="local:///isp/policy/assembly-axml.xsl" src="local/isp/policy/assembly-axml.xsl" location="local" hash="NgBMPfAp19i8fuCR3d6P0fTxa+0="/><file name="local:///isp/policy/apim.policy.wrap.js" src="local/isp/policy/apim.policy.wrap.js" location="local" hash="KZ5o0Vz/UQQ2nmFut+ipBuY85gk="/><file name="local:///isp/policy/apim.custom.xsl" src="local/isp/policy/apim.custom.xsl" location="local" hash="1rNJOrfTcl3pzKGmOm3k7o6tm1w="/><file name="local:///isp/policy/apim.policy.transform-xslt.js" src="local/isp/policy/apim.policy.transform-xslt.js" location="local" hash="2r+kEW9mo1nOTFB1Qt5Tox0qbRA="/><file name="local:///isp/policy/apim.custom.js" src="local/isp/policy/apim.custom.js" location="local" hash="vmXojnCGVosAzTqLkiVZ0IuoaMQ="/><file name="local:///isp/policy/apim.context.xsl" src="local/isp/policy/apim.context.xsl" location="local" hash="OQVum/kWre+dSQruFrC95E7z5XM="/><file name="local:///isp/policy/apim.custom.xsl.js" src="local/isp/policy/apim.custom.xsl.js" location="local" hash="iCLO2uYzYekdms9B8NIMAqV/suo="/><file name="local:///isp/policy/apim.setvariable.xsl" src="local/isp/policy/apim.setvariable.xsl" location="local" hash="3ydODxIZTeNL/PXh8e2jrAcd0hc="/><file name="local:///isp/policy/apim.common.js" src="local/isp/policy/apim.common.js" location="local" hash="PnXPSXaQanHUJ2bILom+qCYg7DA="/><file name="local:///isp/policy/jwt-validate/error.xsl" src="local/isp/policy/jwt-validate/error.xsl" location="local" hash="1FDK0znAzHXM1MQ5w3neeQMdwUU="/><file name="local:///isp/policy/jwt-validate/jwt-validate.js" src="local/isp/policy/jwt-validate/jwt-validate.js" location="local" hash="yNYgomOf5vQM9hUZa5pjZ8eIDbU="/><file name="local:///isp/policy/apim.custom.impl.js" src="local/isp/policy/apim.custom.impl.js" location="local" hash="/2JgnGQhdaWfU4tmHv4w8jlYDiQ="/><file name="local:///isp/policy/apim.policy.restinvoke.js" src="local/isp/policy/apim.policy.restinvoke.js" location="local" hash="nfEYFBkjGPq2U9Yv1tmKR6X1KJk="/><file name="local:///isp/policy/apim.functions.js" src="local/isp/policy/apim.functions.js" location="local" hash="DdDhH1pyhaRBqgen7wOKBBYVfcg="/><file name="local:///isp/policy/apim.exception.js" src="local/isp/policy/apim.exception.js" location="local" hash="tZbMwrKfwym7QWPUGZVHYktHts4="/><file name="local:///isp/policy/xml2json-policy/error.xsl" src="local/isp/policy/xml2json-policy/error.xsl" location="local" hash="EmCutI5NKF71Qgtr0o+dijyQJKo="/><file name="local:///isp/policy/xml2json-policy/payload.xsl" src="local/isp/policy/xml2json-policy/payload.xsl" location="local" hash="fXE6Xjt9zo+zSwFpcmUZ37aL/Hw="/><file name="local:///isp/policy/xml2json-policy/XMLtoJSON.xsl" src="local/isp/policy/xml2json-policy/XMLtoJSON.xsl" location="local" hash="XXR8vAzHreZNCxIKq4buM4ya8v8="/><file name="local:///isp/policy/apim.setvariable-impl.xsl" src="local/isp/policy/apim.setvariable-impl.xsl" location="local" hash="CskWdu8MOdNhjlKdvGAebrvwqzM="/><file name="local:///isp/policy/json2jsonx.js" src="local/isp/policy/json2jsonx.js" location="local" hash="xZeeQvVjSoeZZwj9R4nUQhFmR6I="/><file name="local:///isp/policy/apim.setvariable.impl.xsltproxy.js" src="local/isp/policy/apim.setvariable.impl.xsltproxy.js" location="local" hash="M3lb6SX9Coh7gdEm3xNvJaAiKG4="/><file name="local:///isp/policy/apim.setvariable.impl.js" src="local/isp/policy/apim.setvariable.impl.js" location="local" hash="m6MaYMMFygrifnHj8YgSPgWyedU="/><file name="local:///isp/policy/apigw/validate-usernametoken_1.1.0/validate-usernametoken.js" src="local/isp/policy/apigw/validate-usernametoken_1.1.0/validate-usernametoken.js" location="local" hash="ILx8lMqxfEucj2il7is1AGfQrL4="/><file name="local:///isp/policy/apigw/validate-usernametoken_1.1.0/validate-usernametoken-schema-1.1.0.json" src="local/isp/policy/apigw/validate-usernametoken_1.1.0/validate-usernametoken-schema-1.1.0.json" location="local" hash="WhGIEEX68AXD4dknVk6AjtOaDEI="/><file name="local:///isp/aaa-ldap-lib.xsl" src="local/isp/aaa-ldap-lib.xsl" location="local" hash="K+zdRxjEOsApgzQUw7xFBRNvd1c="/><file name="local:///isp/v5e-get-ms-context-manifests.xsl" src="local/isp/v5e-get-ms-context-manifests.xsl" location="local" hash="/PIdoINnjKvWGcDyzdZ5DISf9eM="/><file name="local:///isp/error_template.xsl" src="local/isp/error_template.xsl" location="local" hash="m4ijrJRXNUuJo+L8ic2R2oVUtkY="/><file name="local:///isp/api-header-manifest.xsl" src="local/isp/api-header-manifest.xsl" location="local" hash="PQa6x1TiVy9TWYMRl2copBDhIi0="/><file name="local:///isp/webapi-debug.xsl" src="local/isp/webapi-debug.xsl" location="local" hash="rMpV06Ee7nJeBjNYag8yHFlZxlE="/><file name="local:///isp/v5e-marshal-apigw.js" src="local/isp/v5e-marshal-apigw.js" location="local" hash="7XPmp6Zvtijl/38VTj8q0vxqVOY="/><file name="local:///isp/error/error_message.xsl" src="local/isp/error/error_message.xsl" location="local" hash="8zjEpRT6FyOAiqcsKLSbuAWykQE="/><file name="local:///isp/error/error.xml" src="local/isp/error/error.xml" location="local" hash="eVqEy0gCtKk5MxWJg9LOJocPFk4="/><file name="local:///isp/error/error.soap12" src="local/isp/error/error.soap12" location="local" hash="pXllBTwKmYgqVvNoryaWPk5JIQU="/><file name="local:///isp/error/error.soap11" src="local/isp/error/error.soap11" location="local" hash="cQT+a3laimoHdu6rlXAEWtRLXNc="/><file name="local:///isp/error/error.json" src="local/isp/error/error.json" location="local" hash="eR83KurctA26/gen8kcoihQXdWQ="/><file name="local:///isp/error/error.html" src="local/isp/error/error.html" location="local" hash="GGHYoVxAydtgAPoPxyDKZKHZUig="/><file name="local:///isp/webapi-util.xsl" src="local/isp/webapi-util.xsl" location="local" hash="M/DLocGSTL+AWnu4vUX6hiKri7A="/><file name="local:///isp/v5e-setup-INPUT-context.xsl" src="local/isp/v5e-setup-INPUT-context.xsl" location="local" hash="cT+qXLlGaC69TDONlOLn3KDkte8="/><file name="config:///apiconnect.cfg" src="config/apiconnect.cfg" location="config" hash="LQi8qk7VLJbcwQB0RXEq5KWO4w8="/><file name="config:///gateway-peering.cfg" src="config/gateway-peering.cfg" location="config" hash="ZlnEAGNyXy5MXY7uotaHBZUGlKQ="/><file name="config:///datapower-operator-apiconnect-init.cfg" src="config/datapower-operator-apiconnect-init.cfg" location="config" hash="1WwRZdibOUYZ4Xi4twCbf5btSn0="/><file name="webgui:///clixform.xsl" src="dp-aux/clixform.xsl" location="dp-aux" internal="true" hash="9K0O5YlXgkta7Asjvu7TatpUYfA="/><file name="webgui:///SchemaUtil.xsl" src="dp-aux/SchemaUtil.xsl" location="dp-aux" internal="true" hash="lDu5pgpeu28YNaWBHTh+kiURBQs="/><file name="webgui:///management.xsl" src="dp-aux/management.xsl" location="dp-aux" internal="true" hash="pi0c46mGrlbqTpsWjG3QUxFOCYU="/><file name="webgui:///map-dmz.xsl" src="dp-aux/map-dmz.xsl" location="dp-aux" internal="true" hash="EHuv+ZqZ0r6TD3d5XtbUM0nBbTM="/><file name="webgui:///drMgmt.xml" src="dp-aux/drMgmt.xml" location="dp-aux" internal="true" hash="VqR8cvGgDnzRzzQ3/AfpqSky9RQ="/><file name="webgui:///basetypes.xml" src="dp-aux/basetypes.xml" location="dp-aux" internal="true" hash="HrLsg2FhC6fPlGYI25NijeP828E="/></files></datapower-configuration>