<datapower-configuration version="3">
	<export-details>
		<description>Exported Configuration</description>
		<user>admin</user>
		<domain>apiconnect</domain>
		<comment/>
		<product-id>software</product-id>
		<product>IDG</product>
		<display-product>IDG</display-product>
		<model>IBM DataPower Gateway</model>
		<display-model>IBM DataPower Gateway</display-model>
		<device-name>apic-gw-0</device-name>
		<serial-number>0000001</serial-number>
		<firmware-version>IDG.10.5.0.4</firmware-version>
		<display-firmware-version>IDG.10.5.0.4</display-firmware-version>
		<firmware-build>348793</firmware-build>
		<delivery-type>LTS</delivery-type>
		<firmware-timestamp>2023/02/17 06:56:48</firmware-timestamp>
		<login-message/>
		<custom-ui-file/>
	</export-details>
	<interface-data>
	</interface-data>
	<configuration domain="apiconnect"/>
	<files>
		<file name="local:///lookup_files/lookup_file_config.json" src="local/lookup_files/lookup_file_config.json" location="local" hash="co6EaaaRIICPURuo1/RPQu2f10s="/>
	</files>
</datapower-configuration>